time,open,high,low,close,volume
1765738800,7.1967728487626585,7.1967728487626585,7.166002626426429,7.170188876655423,7492.636341118588
1765742400,7.170188876655423,7.194332598915265,7.170188876655423,7.19431809420555,4906.258487998251
1765746000,7.19431809420555,7.194510265333595,7.172592694903504,7.1769536625779855,4344.649825674397
1765749600,7.1769536625779855,7.190692263949273,7.176797084016003,7.184678877124511,7100.6689281312865
1765753200,7.184678877124511,7.1848099588949825,7.167389134572751,7.167541051114739,3921.5946465351694
1765756800,7.167541051114739,7.18711917934386,7.159767667488278,7.165958731733707,6690.237075579235
1765760400,7.165958731733707,7.253965637440894,7.165958731733707,7.248268068208832,12420.1675613971
1765764000,7.248268068208832,7.267093924271454,7.225191592771715,7.2252229085636905,8161.114720253041
1765767600,7.2252229085636905,7.2252229085636905,7.219975924488843,7.219975924488843,2668.3362051627873
1765771200,7.219975924488843,7.23613873483495,7.219975924488843,7.231285163516339,3258.9609392176562
1765774800,7.231285163516339,7.241561573528713,7.230871026069245,7.241561573528713,2814.527552284405
1765778400,7.241561573528713,7.264955415248599,7.241234303619949,7.264681857484953,5209.323642935983
1765782000,7.264681857484953,7.28806680547918,7.238834726174243,7.264273168312367,14671.217037064018
1765785600,7.264273168312367,7.256076754025777,7.228847479837324,7.2297096614300775,6380.211183713553
1765789200,7.2297096614300775,7.231128669124467,7.229709272799285,7.231128669124467,2166.913546126731
1765792800,7.231128669124467,7.263875951002483,7.231128669124467,7.251804615564622,9168.441691732052
1765796400,7.251804615564622,7.251804615564622,7.236907340229974,7.236923346216735,2713.8631886273474
1765800000,7.236923346216735,7.2370134112750835,7.147143157687748,7.171406903480814,13551.073444696056
1765803600,7.171406903480814,7.17498016492517,7.156406268236116,7.157810000251969,6530.004973963535
1765807200,7.157810000251969,7.253916786845533,7.102797207100859,7.241512914389508,26503.105523627804
1765810800,7.241512914389508,7.237884103723741,6.9198342671624635,6.924450121912052,66363.70158637043
1765814400,6.924450121912052,6.947858570763947,6.867514286173613,6.898623439471962,24470.131698483896
1765818000,6.898623439471962,6.900091304960449,6.79909690792234,6.880378372477444,39011.45461125662
1765821600,6.880378372477444,6.880378372477444,6.771537607583478,6.7895515475988,27094.409011635064
1765825200,6.7895515475988,6.849163176502814,6.7895515475988,6.84767064329574,23477.167407048284
1765828800,6.84767064329574,6.847974111707881,6.838722610654954,6.841307028700057,6772.470923746016
1765832400,6.841307028700057,6.841537918552216,6.836805121318479,6.836805121318479,1979.773778464576
1765836000,6.836805121318479,6.8387391101464345,6.835337634867195,6.8387391101464345,3302.717393744173
1765839600,6.8387391101464345,6.879113823023065,6.841246176608265,6.872792564726533,12198.694392025947
1765843200,6.872792564726533,6.872792564726533,6.785438072524055,6.789509729341811,83460.08188743216
1765846800,6.789509729341811,6.804440257398989,6.784201349552193,6.786977453291026,9597.841709139186
1765850400,6.786977453291026,6.835280593777057,6.786977453291026,6.827758091721995,7518.946627798243
1765854000,6.827758091721995,6.827758091721995,6.8136188856750834,6.819634821563452,10985.099132881334
1765857600,6.819634821563452,6.821945885242757,6.788378944230825,6.793338956994067,5956.797646946641
1765861200,6.793338956994067,6.808493402705022,6.7910991094871935,6.808383459226118,2987.622290960053
1765864800,6.808383459226118,6.843786199318135,6.808382921688168,6.843786199318135,8677.29958655935
1765868400,6.843786199318135,6.855257063738507,6.796324399991899,6.796324399991899,10079.484697462887
1765872000,6.796324399991899,6.798718337852177,6.789455483957722,6.798718337852177,6445.278183823202
1765875600,6.798718337852177,6.804101410126561,6.79361407715793,6.804101410126561,3298.2743430525825
1765879200,6.804101410126561,6.994231575160672,6.804101410126561,6.957930462706409,38165.628517647
1765882800,6.957930462706409,6.957930462706409,6.896029622442121,6.9306360776860085,13981.03766854486
1765886400,6.9306360776860085,6.9836716930860945,6.93495503681324,6.941027308979619,24369.06629916741
1765890000,6.941027308979619,6.960844477911028,6.914172149927797,6.914172149927797,16359.31238660377
1765893600,6.914172149927797,6.915702146729551,6.866721795127682,6.908084324650044,18497.280132140855
1765897200,6.908084324650044,6.958929603836476,6.900249724684091,6.958929603836476,14286.696374157515
1765900800,6.958929603836476,6.962209767747739,6.958929603836476,6.959719967784188,8966.801797077755
1765904400,6.959719967784188,6.961825961405736,6.9386688354933215,6.9397639306995655,5831.0820402107665
1765908000,6.9397639306995655,6.938618087783066,6.668598177100129,6.889865935144022,113501.19452654944
1765911600,6.889865935144022,6.889865935144022,6.875926292902777,6.887931193515419,11124.439602817325
1765915200,6.887931193515419,6.9033706339324254,6.852959686670265,6.863913582172786,17644.921156523764
1765918800,6.863913582172786,6.904698951585036,6.863913582172786,6.904593321535695,6344.110367771227
1765922400,6.904593321535695,6.9045812478434785,6.866705647272747,6.886537410681568,12625.46882033466
1765926000,6.886537410681568,6.88709858221485,6.759085081021121,6.887007233609215,40617.155875066084
1765929600,6.887007233609215,6.887007233609215,6.886810040019204,6.886810040019204,1310.4685342740956
1765933200,6.886810040019204,6.886810040019204,6.886766707656439,6.886766707656439,555.2830917427676
1765936800,6.886766707656439,6.892953992050166,6.884931419392658,6.886478498699831,2019.7226248288925
1765940400,6.886478498699831,6.886478498699831,6.88647813433075,6.88647813433075,224.48605909850596
1765944000,6.88647813433075,6.88647813433075,6.871081291906329,6.871081291906329,2586.9038913366458
1765947600,6.871081291906329,6.871081291906329,6.81871173453417,6.821434676462166,15171.7684446095
1765951200,6.821434676462166,6.836307443821052,6.821434676462166,6.836307443821052,1751.890145795313
1765954800,6.836307443821052,6.836307443821052,6.809165002799507,6.835289981678542,11823.66538576872
1765958400,6.835289981678542,6.835292341759993,6.813272862588227,6.813272862588227,7840.472998309008
1765962000,6.813272862588227,6.899038717160262,6.813272504165934,6.826561912691387,28331.81094795001
1765965600,6.826561912691387,6.826561912691387,6.768169396237449,6.781436873003216,10392.42329980286
1765969200,6.781436873003216,6.806093796333561,6.779574331761628,6.806093796333561,8521.513490047797
1765972800,6.806093796333561,6.839715857541685,6.806093252122265,6.839715857541685,12452.143481240644
1765976400,6.839715857541685,6.840419023131238,6.772332915659731,6.798049240439586,28740.841577309686
1765980000,6.798049240439586,6.887877907322203,6.76796036821319,6.884989501704016,32692.50161220611
1765983600,6.884989501704016,6.928258437616937,6.741516281686364,6.741516281686364,39744.683382028394
1765987200,6.741516281686364,6.742656797457333,6.5567758994483345,6.600416086544697,55409.211459900296
1765990800,6.600416086544697,6.622427866794218,6.550663385110552,6.590435856231292,29245.890703801582
1765994400,6.590435856231292,6.590435856231292,6.446284287508236,6.449512328065436,66811.8277503813
1765998000,6.449512328065436,6.467271762004723,6.427382986905412,6.453644974491626,27198.35546181576
1766001600,6.453644974491626,6.471221535199727,6.452502480701382,6.470785025985132,17451.578338710926
1766005200,6.470785025985132,6.480132425416585,6.469082174803722,6.480132425416585,7508.121416229739
1766008800,6.480132425416585,6.53458472810871,6.477336562448125,6.521112569241958,30738.998150909298
1766012400,6.521112569241958,6.548055189054687,6.414450848257171,6.415371257813725,37599.42283514373
1766016000,6.415371257813725,6.423341642238267,6.415371257813725,6.420478452752604,3784.4205878945954
1766019600,6.420478452752604,6.422929548532522,6.347888517189717,6.362141409374384,18671.47480989574
1766023200,6.362141409374384,6.401966947762281,6.362141409374384,6.401191543846997,3903.684615366762
1766026800,6.401191543846997,6.401191543846997,6.351389030249355,6.351389030249355,8090.818117688676
1766030400,6.351389030249355,6.367554018809573,6.350417385203107,6.367554018809573,2357.5183685749294
1766034000,6.367554018809573,6.368017720099923,6.301311448848225,6.301311448848225,15845.533168346206
1766037600,6.301311448848225,6.3256407562292765,6.301311448848225,6.318394195138324,6683.854654060925
1766041200,6.318394195138324,6.343738057428287,6.321097703535461,6.3423794832508635,4901.417319855667
1766044800,6.3423794832508635,6.348103676348354,6.337975944413486,6.348103676348354,4880.201111986653
1766048400,6.348103676348354,6.36471817450569,6.329156244503954,6.36471817450569,12178.126813973517
1766052000,6.36471817450569,6.376195600172353,6.36471817450569,6.375633833017338,4032.8504325559534
1766055600,6.375633833017338,6.375633833017338,6.364631252855064,6.3684591951531155,3758.487033075623
1766059200,6.3684591951531155,6.410554404881579,6.370927168543213,6.394754903851139,7554.523793363155
1766062800,6.394754903851139,6.58532003099848,6.394547937022701,6.552827722019142,36054.121112301014
1766066400,6.552827722019142,6.552827722019142,6.491731560576851,6.531402573324349,23059.006891639678
1766070000,6.531402573324349,6.642298932018014,6.49164691743334,6.613354971064117,39548.86388851406
1766073600,6.613354971064117,6.617000057990146,6.6066133448682685,6.617000057990146,4977.484312665406
1766077200,6.617000057990146,6.617000057990146,6.36599543375408,6.431906619555008,69543.91424481312
1766080800,6.431906619555008,6.468475819592892,6.378446497027056,6.378446497027056,43713.717447920644
1766084400,6.378446497027056,6.379281372081985,6.228114673681152,6.2545652508076115,50143.40125581185
1766088000,6.2545652508076115,6.258149226009495,6.235971459140336,6.240513594730145,20080.777736766602
1766091600,6.240513594730145,6.327270405780965,6.248890395088151,6.327214831945778,13714.793174840499
1766095200,6.327214831945778,6.357814824314259,6.331900095753322,6.353739244830945,9197.576246923098
1766098800,6.353739244830945,6.353739244830945,6.335304495280004,6.339185985263704,9627.209580996516
1766102400,6.339185985263704,6.339185985263704,6.3081485842093965,6.3081485842093965,5546.3776507625125
1766106000,6.3081485842093965,6.3081626153519395,6.294612261259072,6.295219633340225,2561.290045431605
1766109600,6.295219633340225,6.304933875911286,6.286233617474435,6.304933875911286,5891.149386247156
1766113200,6.304933875911286,6.4658569215190935,6.304933875911286,6.445039425514775,33497.6806511484
1766116800,6.445039425514775,6.449185802904317,6.445039425514775,6.448707108550503,1232.8778343129643
1766120400,6.448707108550503,6.448707108550503,6.430746933088,6.433416041999771,2909.6304274875374
1766124000,6.433416041999771,6.438842481133265,6.427131092122543,6.428614553703278,2475.2885930207426
1766127600,6.428614553703278,6.581046987552742,6.430898509840673,6.497185879414147,33347.97052960992
1766131200,6.497185879414147,6.546619977744348,6.496592978975955,6.546619977744348,7725.3292588757395
1766134800,6.546619977744348,6.546619977744348,6.529765868317847,6.535511438223438,5456.018218744028
1766138400,6.535511438223438,6.552725529761554,6.530695507253944,6.530695507253944,21039.549622693976
1766142000,6.530695507253944,6.54257589772155,6.526671104609818,6.529043521393953,7290.661294079644
1766145600,6.529043521393953,6.549066422532788,6.52901135707279,6.549012464187149,7264.951048562189
1766149200,6.549012464187149,6.553669206259558,6.510101739371548,6.534082847262671,18650.364291707316
1766152800,6.534082847262671,6.573338127519679,6.53342800701583,6.573053833958112,9321.121048118888
1766156400,6.573053833958112,6.614876953704132,6.56796896761349,6.579447746234221,13297.16358039508
1766160000,6.579447746234221,6.671258834962222,6.579447746234221,6.6407519349751745,25409.27672496502
1766163600,6.6407519349751745,6.652336556237102,6.59169190534868,6.59169190534868,12831.348546243202
1766167200,6.59169190534868,6.599517584329626,6.58662734537565,6.587241136067376,5324.145361180504
1766170800,6.587241136067376,6.691396273595093,6.587270970643332,6.682941599339934,16393.827888911183
1766174400,6.682941599339934,6.694011602650833,6.682701543075017,6.69384028060778,6519.865656978986
1766178000,6.69384028060778,6.8775752248697275,6.660374272557791,6.6775358505344045,60539.6778034962
1766181600,6.6775358505344045,6.678346354263261,6.676458829278861,6.676849350526218,1567.1340002927827
1766185200,6.676849350526218,6.677138479254705,6.676849350526218,6.677138479254705,618.746188479174
1766188800,6.677138479254705,6.679760641615719,6.677138479254705,6.679760641615719,1162.212115877659
1766192400,6.679760641615719,6.679760641615719,6.653438484745414,6.6534985200132875,4831.567293529715
1766196000,6.6534985200132875,6.653675744075392,6.63911328926329,6.643715506717909,2167.6288291428946
1766199600,6.643715506717909,6.644066260135874,6.643284963520692,6.643284963520692,1186.8689385622613
1766203200,6.643284963520692,6.643284963520692,6.625614652026995,6.625765341917612,2768.362906606031
1766206800,6.625765341917612,6.625765341917612,6.621035622115993,6.621035622115993,1221.3923401589873
1766210400,6.621035622115993,6.621175412676265,6.616667815735789,6.617105679561784,2317.340991404046
1766214000,6.617105679561784,6.637098950601312,6.617105679561784,6.637098950601312,6766.446290984
1766217600,6.637098950601312,6.654274011031289,6.637657958736441,6.654274011031289,5469.365480088333
1766221200,6.654274011031289,6.654274011031289,6.571688108153574,6.60265869436799,13873.356153200988
1766224800,6.60265869436799,6.606335633158273,6.548108562292228,6.5675992091580335,19828.410475970584
1766228400,6.5675992091580335,6.591388624852914,6.564739413707519,6.591388624852914,7771.515976177624
1766232000,6.591388624852914,6.607891228415396,6.592178771343452,6.606312557831246,5847.9861560831105
1766235600,6.606312557831246,6.617534629101821,6.603956562086934,6.617209759271039,4178.04047726245
1766239200,6.617209759271039,6.65446155334843,6.600978393602988,6.613961136889915,10403.872748165075
1766242800,6.613961136889915,6.620735801850108,6.61395325902645,6.620396186668816,6044.845372824093
1766246400,6.620396186668816,6.622998312795517,6.620746649740643,6.620853107870113,1083.2446254144
1766250000,6.620853107870113,6.630547603377841,6.620468515266554,6.630434884328879,3893.4440289436525
1766253600,6.630434884328879,6.630500618099527,6.630425681760819,6.63042704110073,585.5306999138662
1766257200,6.63042704110073,6.634275309527499,6.626228892984567,6.633537552493851,4043.969311030181
1766260800,6.633537552493851,6.635708397665369,6.631131587565334,6.631467137019028,2398.265279598218
1766264400,6.631467137019028,6.642070495775608,6.626152252552266,6.642070495775608,2943.4700975507717
1766268000,6.642070495775608,6.645260321002585,6.642070495775608,6.644946468974124,1211.23781012649
1766271600,6.644946468974124,6.6499460204344,6.64364106218573,6.6499460204344,2147.7046462916624
1766275200,6.6499460204344,6.676598710738585,6.647138746437751,6.647520763915674,11212.966163100626
1766278800,6.647520763915674,6.647520763915674,6.59252788333096,6.59252788333096,8884.367538694161
1766282400,6.59252788333096,6.592660104421535,6.534016242888576,6.543014714859386,10194.318188970794
1766286000,6.543014714859386,6.5629280488493675,6.544563504940663,6.5629280488493675,2010.1996894751055
1766289600,6.5629280488493675,6.566814058785309,6.5629280488493675,6.5667279055477,1269.1135028173192
1766293200,6.5667279055477,6.578144341184033,6.5667279055477,6.578144341184033,2419.1164051332516
1766296800,6.578144341184033,6.5786347480955065,6.5779123849514205,6.5779123849514205,834.9218404455303
1766300400,6.5779123849514205,6.578268791913118,6.575198332021813,6.575596333074749,1856.5099775244587
1766304000,6.575596333074749,6.589178675301465,6.568023555629086,6.589021131597399,5949.674564423725
1766307600,6.589021131597399,6.602580463191707,6.587135788613616,6.6019015569707395,6413.770268537398
1766311200,6.6019015569707395,6.6019015569707395,6.566939719819596,6.566939719819596,27019.528392583456
1766314800,6.566939719819596,6.566939719819596,6.507614519850571,6.525227876803873,18898.262362318495
1766318400,6.525227876803873,6.530335063576932,6.5101452249278955,6.5101452249278955,7357.428401331679
1766322000,6.5101452249278955,6.5101452249278955,6.3703779930944515,6.3703779930944515,27683.13236162184
1766325600,6.3703779930944515,6.376197046177919,6.3703779930944515,6.376197046177919,3146.8774481769683
1766329200,6.376197046177919,6.393919973482526,6.375284183149123,6.393919973482526,4914.418996404157
1766332800,6.393919973482526,6.435035617141021,6.392612047309722,6.435035617141021,7542.217728223945
1766336400,6.435035617141021,6.45166923259822,6.435035617141021,6.450726802390416,7528.399220436413
1766340000,6.450726802390416,6.450627503482615,6.427950621604047,6.450627503482615,6456.175664866397
1766343600,6.450627503482615,6.451940987702616,6.435395728676458,6.44350546102296,4747.510534185991
1766347200,6.44350546102296,6.450536164149431,6.443455441386572,6.448357584808501,1723.7576640946315
1766350800,6.448357584808501,6.448412490044906,6.40468772681276,6.4047623342785025,5509.852016929352
1766354400,6.4047623342785025,6.4097868069705095,6.4047623342785025,6.40978395981869,2661.189981729683
1766358000,6.40978395981869,6.431387604550806,6.40978395981869,6.429136018336052,4370.09424997301
1766361600,6.429136018336052,6.512256679538404,6.429011709847037,6.475124295733797,16590.611126945707
1766365200,6.475124295733797,6.481190662352739,6.44088157363223,6.4422925526297,11341.889271670134
1766368800,6.4422925526297,6.4422925526297,6.407166616200099,6.407166616200099,5703.257715658899
1766372400,6.407166616200099,6.421250545966436,6.407093627713861,6.421250545966436,2131.2596699454834
1766376000,6.421250545966436,6.422429289568444,6.421123196362229,6.422429289568444,567.817400995137
1766379600,6.422429289568444,6.4227532223900194,6.422429289568444,6.4227532223900194,504.17038019409813
1766383200,6.4227532223900194,6.4227532223900194,6.42232245107352,6.422449114595223,523.7811466598746
1766386800,6.422449114595223,6.445511905455688,6.422438153548893,6.445511905455688,6243.212039119602
1766390400,6.445511905455688,6.45582194491244,6.445502193445454,6.454766866427001,4586.219059353483
1766394000,6.454766866427001,6.462332606675698,6.454391820534941,6.462202221106436,3285.748062079944
1766397600,6.462202221106436,6.462202221106436,6.4007992317588505,6.455621783648852,14459.336208863684
1766401200,6.455621783648852,6.469878988524838,6.38616497404281,6.465888332704887,27244.519640986713
1766404800,6.465888332704887,6.5061695976830025,6.465888332704887,6.504548469934911,10217.9920771221
1766408400,6.504548469934911,6.504548469934911,6.4711504362402374,6.4711504362402374,6909.116860991663
1766412000,6.4711504362402374,6.48491366485312,6.4607068810584085,6.4847871640783445,8307.153692375603
1766415600,6.4847871640783445,6.4847871640783445,6.421873154085924,6.42199856132594,18248.73263034117
1766419200,6.42199856132594,6.4374652708666815,6.421943732267232,6.4374652708666815,10293.796148990401
1766422800,6.4374652708666815,6.4388774383825655,6.422795893976436,6.430286622461018,25944.229301102154
1766426400,6.430286622461018,6.4306224939016365,6.430239310195454,6.430616830602731,1522.9647505748544
1766430000,6.430616830602731,6.430616830602731,6.34983370137887,6.35024560783494,14765.468833207833
1766433600,6.35024560783494,6.35024560783494,6.306640126200786,6.315034820290935,15294.30863548125
1766437200,6.315034820290935,6.338969721651835,6.313625411459016,6.327008131947169,10340.09302987451
1766440800,6.327008131947169,6.327251090788986,6.326635198589725,6.32672225268541,1819.025983644774
1766444400,6.32672225268541,6.33126981962902,6.32672225268541,6.330400307107216,2582.378392014714
1766448000,6.330400307107216,6.338866679970407,6.329551125772958,6.338866679970407,2303.552139939441
1766451600,6.338866679970407,6.338866679970407,6.335934755900298,6.336576131586597,1448.6748559640837
1766455200,6.336576131586597,6.336855529206665,6.325711736742176,6.325845974103719,2642.58653880504
1766458800,6.325845974103719,6.325845974103719,6.311824780960956,6.311824780960956,2264.2120866580435
1766462400,6.311824780960956,6.312008562069351,6.257662934971754,6.2610963324936275,9328.892543972906
1766466000,6.2610963324936275,6.263398380798502,6.2610963324936275,6.263398380798502,2305.702448253739
1766469600,6.263398380798502,6.263703511696052,6.2285168547386,6.2297474379544795,12660.730679488533
1766473200,6.2297474379544795,6.231053439702119,6.206032409890254,6.207690250113194,7864.354696183146
1766476800,6.207690250113194,6.255823504508093,6.207690250113194,6.224627611710246,11573.538721543398
1766480400,6.224627611710246,6.229144516592866,6.221900844236704,6.2225572007974375,4748.067775236857
1766484000,6.2225572007974375,6.222764839600717,6.211155642940594,6.2118130689960855,2337.775434874218
1766487600,6.2118130689960855,6.226592711075593,6.2118130689960855,6.226592711075593,5193.315445218966
1766491200,6.226592711075593,6.230472169183207,6.2256397331361,6.230472169183207,7364.161353113079
1766494800,6.230472169183207,6.238626628379495,6.221631596896331,6.227062832043985,6188.372455426858
1766498400,6.227062832043985,6.24524521667831,6.194830325486417,6.194830325486417,16608.957352603637
1766502000,6.194830325486417,6.253716158674573,6.185380407971617,6.253466685927236,24067.548615712236
1766505600,6.253466685927236,6.296026480780194,6.245917915783938,6.29599059337604,13511.346609454453
1766509200,6.29599059337604,6.317170851313274,6.275484897454173,6.275484897454173,11170.15494730353
1766512800,6.275484897454173,6.311861547124303,6.270039345337707,6.310999662323851,7577.271864584033
1766516400,6.310999662323851,6.311108331539997,6.3023670483035,6.302754029332442,6157.69650803438
1766520000,6.302754029332442,6.348040785656091,6.301433886707851,6.348040785656091,6200.445161566132
1766523600,6.348040785656091,6.349797082413628,6.33483576936428,6.33483576936428,4977.975991916523
1766527200,6.33483576936428,6.3356588100351106,6.32017760240443,6.32017760240443,4875.249444019772
1766530800,6.32017760240443,6.32017760240443,6.315678288550568,6.31725349504536,1141.5763103061106
1766534400,6.31725349504536,6.322691417098244,6.3132516533810135,6.313594238430435,3225.071632749973
1766538000,6.313594238430435,6.3162881085553195,6.305665175455666,6.305837542285372,3256.447992383842
1766541600,6.305837542285372,6.305875558233459,6.269244460246247,6.27070396425668,8436.386455266515
1766545200,6.27070396425668,6.27070396425668,6.261367362007933,6.2622679570079836,2525.42861785634
1766548800,6.2622679570079836,6.2629135131682645,6.257175121882302,6.257175121882302,2726.1121217188143
1766552400,6.257175121882302,6.257175121882302,6.2004492410316265,6.200820349634599,11761.65079500243
1766556000,6.200820349634599,6.2026662311994745,6.17941044779235,6.181600069995059,5607.60159688007
1766559600,6.181600069995059,6.18439879630598,6.159791786990403,6.1689592061684095,10193.263136448693
1766563200,6.1689592061684095,6.176536505112048,6.060660750094581,6.128994734753155,21991.160018368566
1766566800,6.128994734753155,6.174523443745447,6.131303686119722,6.158416121933119,14431.321166095526
1766570400,6.158416121933119,6.264722536054097,6.158416121933119,6.264375237537897,24085.54567867971
1766574000,6.264375237537897,6.283967032064892,6.193540462260282,6.282918817178552,27909.11614544162
1766577600,6.282918817178552,6.282918817178552,6.280121994379418,6.280121994379418,2445.6707633010574
1766581200,6.280121994379418,6.280121994379418,6.262712245509375,6.262793166502505,2520.9617217652303
1766584800,6.262793166502505,6.278251303067407,6.237983452012454,6.276588793773549,12737.615366096261
1766588400,6.276588793773549,6.284917771560819,6.225258642576384,6.284917771560819,35531.968604872585
1766592000,6.284917771560819,6.284917771560819,6.270489491565057,6.270489491565057,4460.115042834949
1766595600,6.270489491565057,6.27335108439324,6.269892998100412,6.27335108439324,1437.822055879738
1766599200,6.27335108439324,6.27335108439324,6.246174205886902,6.246174205886902,4874.144100683132
1766602800,6.246174205886902,6.248158360007119,6.234417222304924,6.247587798715139,5570.67161452343
1766606400,6.247587798715139,6.249044472301177,6.245211534316188,6.245211534316188,2380.407459486837
1766610000,6.245211534316188,6.245296473056678,6.244930709820025,6.245104915765876,2268.282812416229
1766613600,6.245104915765876,6.274339106791846,6.245104915765876,6.274339106791846,6087.756304408796
1766617200,6.274339106791846,6.274339106791846,6.274339106791846,6.274339106791846,185.57455274160148
1766620800,6.274339106791846,6.293339764143439,6.240306846665513,6.240306846665513,12635.028269223301
1766624400,6.240306846665513,6.2393481378777125,6.23215157827181,6.232233117145812,5710.9768931801755
1766628000,6.232233117145812,6.2309779373704215,6.2287947434099955,6.2309779373704215,1189.5842086905645
1766631600,6.2309779373704215,6.239721884455473,6.230977624911118,6.239721884455473,1513.2240044614418
1766635200,6.239721884455473,6.248627146590089,6.239721884455473,6.248627146590089,1244.3770310030056
1766638800,6.248627146590089,6.247995878274426,6.2473161808120095,6.2473161808120095,1307.7621218655618
1766642400,6.2473161808120095,6.257916256142459,6.247315706611188,6.257916256142459,1398.8630999544612
1766646000,6.257916256142459,6.265561136128082,6.251165074440469,6.265561136128082,3181.0800838935693
1766649600,6.265561136128082,6.289183406518431,6.2689307720921805,6.287808038308627,5147.121576854875
1766653200,6.287808038308627,6.287808038308627,6.277576560206447,6.277585373784364,4809.226245380616
1766656800,6.277585373784364,6.277585373784364,6.229771085775839,6.229774296607725,5850.609466688448
1766660400,6.229774296607725,6.255470563181954,6.229746703149746,6.255470563181954,5523.634758614832
1766664000,6.255470563181954,6.275594639673043,6.255470088080633,6.267877086677645,4170.876756839438
1766667600,6.267877086677645,6.267877086677645,6.242146438837851,6.242161242845833,4827.931509858666
1766671200,6.242161242845833,6.242472560211415,6.241543225221497,6.241563599769579,1638.0736731946279
1766674800,6.241563599769579,6.264333103769825,6.239517547252019,6.264333103769825,3289.0716584034617
1766678400,6.264333103769825,6.296076156574903,6.264333103769825,6.2815421060677465,7062.967475630678
1766682000,6.2815421060677465,6.281870728837405,6.273978822612158,6.274350150401556,1689.2755027193762
1766685600,6.274350150401556,6.295952559636777,6.274349672686314,6.2930512840732575,6801.160050269312
1766689200,6.2930512840732575,6.297028037534647,6.144434004895735,6.249262323211115,59849.45752821504
1766692800,6.249262323211115,6.249160315993285,6.246932442252356,6.246932442252356,852.3378117838431
1766696400,6.246932442252356,6.246932442252356,6.244673634604,6.244906820219821,1672.2689279387625
1766700000,6.244906820219821,6.244907113139383,6.173915300174828,6.175448001822011,8860.75162324041
1766703600,6.175448001822011,6.178135485258462,6.114884536112398,6.118123497465324,14124.820388820926
1766707200,6.118123497465324,6.120662158394417,6.073984438520978,6.078360094634209,8054.941859026872
1766710800,6.078360094634209,6.112264142134553,6.078360094634209,6.112149892459365,4396.8430770732075
1766714400,6.112149892459365,6.24118893441708,6.114716796882334,6.2353388961741025,19556.390328664405
1766718000,6.2353388961741025,6.2353388961741025,6.158431063057945,6.184659490129857,10866.840019692685
1766721600,6.184659490129857,6.184659490129857,6.1846594901240435,6.1846594901240435,96.88046019092762
1766725200,6.1846594901240435,6.185819793691001,6.1846594901240435,6.185819793691001,351.65767514147166
1766728800,6.185819793691001,6.18605898919747,6.180117510111083,6.180117510111083,1786.0873475799117
1766732400,6.180117510111083,6.200147951608454,6.1743164935851915,6.1743164935851915,6075.64248769393
1766736000,6.1743164935851915,6.176970081364131,6.171561994778709,6.176970081364131,1912.8733942689114
1766739600,6.176970081364131,6.176970081364131,6.152131399347541,6.173912144035171,4922.65095499231
1766743200,6.173912144035171,6.176174212802726,6.173912144035171,6.176174212802726,4163.453371725674
1766746800,6.176174212802726,6.180404546914874,6.1754993852933815,6.175758140540234,3000.025541287323
1766750400,6.175758140540234,6.1823856301718125,6.175757673671878,6.180835433092859,1805.6595236548817
1766754000,6.180835433092859,6.194851375337588,6.180325577624373,6.194637376941174,3648.1770223711464
1766757600,6.194637376941174,6.194637376941174,6.145825647935945,6.145825647935945,8783.982374719133
1766761200,6.145825647935945,6.145825647935945,5.874131188344332,6.09823790099878,96560.50394983472
1766764800,6.09823790099878,6.098942601432443,6.061663058077066,6.061663058077066,5153.54960225276
1766768400,6.061663058077066,6.0612283602400945,6.030327664086678,6.0610397929184625,10623.491386758282
1766772000,6.0610397929184625,6.072778869920112,6.060931010971825,6.072778869920112,3171.108231335563
1766775600,6.072778869920112,6.0964176223214,6.072765306737276,6.0964176223214,9443.713922754598
1766779200,6.0964176223214,6.0964176223214,6.0922932898352204,6.0922932898352204,2264.3711749135246
1766782800,6.0922932898352204,6.0922932898352204,6.090080794049776,6.090080851363463,831.1735527078301
1766786400,6.090080851363463,6.090489070266064,6.086909271091305,6.087484804789911,1396.7674164304149
1766790000,6.087484804789911,6.085383376544758,6.084881892172585,6.085126144005808,2344.267898930527
1766793600,6.085126144005808,6.085140253743422,6.085125686973217,6.085140253743422,616.1678779027816
1766797200,6.085140253743422,6.1081380936158745,6.085140253743422,6.1081380936158745,2516.1179147396774
1766800800,6.1081380936158745,6.119670830563933,6.1081380936158745,6.119650965627722,2123.0987427117466
1766804400,6.119650965627722,6.143633947078326,6.1196506592165205,6.143278838629892,2985.9670919221344
1766808000,6.143278838629892,6.154844652637088,6.143278838629892,6.154666964596763,1270.0145167119558
1766811600,6.154666964596763,6.154969192848018,6.154666964596763,6.154668193425801,3729.2292218628395
1766815200,6.154668193425801,6.166244241753074,6.154667728590068,6.164983725725598,2191.3523040786945
1766818800,6.164983725725598,6.168228868273723,6.163681385268025,6.168228868273723,1426.9032310029295
1766822400,6.168228868273723,6.168587216392862,6.166245930595853,6.166245930595853,1989.7629336955965
1766826000,6.166245930595853,6.177165468973074,6.165578726712613,6.175587329768311,3007.9052771379434
1766829600,6.175587329768311,6.175587329768311,6.148538882118341,6.159104981814003,9482.932158611446
1766833200,6.159104981814003,6.179328653386417,6.159104981814003,6.178970449355501,7038.851976890165
1766836800,6.178970449355501,6.190557216952333,6.164799361176268,6.1767515242382425,5707.740987132343
1766840400,6.1767515242382425,6.177796797024087,6.175687355557668,6.1768464761578725,1117.6130638460313
1766844000,6.1768464761578725,6.178005705417095,6.164017453576634,6.165189784753486,3319.615605532445
1766847600,6.165189784753486,6.215352766262509,6.164614147673326,6.2045398351727705,16732.796607992193
1766851200,6.2045398351727705,6.2045398351727705,6.193113039630509,6.193113039630509,5085.756543470196
1766854800,6.193113039630509,6.194505938572399,6.174586851659167,6.174655939269649,3637.224962705887
1766858400,6.174655939269649,6.179640544963775,6.174655939269649,6.179640544963775,1738.928132203351
1766862000,6.179640544963775,6.184117692879454,6.179640544963775,6.183978653348788,1191.052738792265
1766865600,6.183978653348788,6.183978653348788,6.1822046765376735,6.1822046765376735,772.8904160271652
1766869200,6.1822046765376735,6.201462584675828,6.18220437041727,6.201454702358836,2312.8915118450122
1766872800,6.201454702358836,6.210163708826409,6.200353063203398,6.2087825342974625,2296.0406830475463
1766876400,6.2087825342974625,6.2147967020883215,6.210052347186507,6.2147967020883215,2232.9077212060265
1766880000,6.2147967020883215,6.254263579971895,6.214702746362078,6.25283927116619,4526.274797922487
1766883600,6.25283927116619,6.263914947001304,6.25283927116619,6.263543608202672,2229.6737509539485
1766887200,6.263543608202672,6.281634276498226,6.263084587648126,6.280736823677139,3535.264037911501
1766890800,6.280736823677139,6.280736823677139,6.280673631301172,6.280673631301172,368.98711306610556
1766894400,6.280673631301172,6.280673631301172,6.273150771964082,6.273150771964082,1001.5305018741071
1766898000,6.273150771964082,6.306826862243826,6.273150771964082,6.306039754018754,5320.174559971683
1766901600,6.306039754018754,6.317131210932604,6.305735514487017,6.315648497736435,2047.4982653926932
1766905200,6.315648497736435,6.389010881150861,6.31507131651302,6.386139080303501,14335.82224859537
1766908800,6.386139080303501,6.384873329315344,6.3525321786627655,6.3525321786627655,4245.739208785235
1766912400,6.3525321786627655,6.3525321786627655,6.333974102416681,6.340516993361144,4125.073163867939
1766916000,6.340516993361144,6.342612653632725,6.340516993361144,6.342612653632725,5327.575407317773
1766919600,6.342612653632725,6.343119259692688,6.319949897994324,6.327364343540866,8517.547503365435
1766923200,6.327364343540866,6.327415874922596,6.293452971933066,6.293452971933066,5836.903872000024
1766926800,6.293452971933066,6.307616779877528,6.293452971933066,6.304431076816903,13410.013128592247
1766930400,6.304431076816903,6.304431076816903,6.302297868241951,6.302402748950567,1097.7217924633537
1766934000,6.302402748950567,6.313058018998901,6.293932377948444,6.313058018998901,3985.669099064986
1766937600,6.313058018998901,6.313058018998901,6.27061325852115,6.27061325852115,6163.349075648252
1766941200,6.27061325852115,6.271606255483473,6.244670044030729,6.245586602312256,3634.3347656595483
1766944800,6.245586602312256,6.245586602312256,6.1770249788455285,6.1770974159252585,11899.0959838659
1766948400,6.1770974159252585,6.1775200073713705,6.152436328528031,6.153750511365356,8941.03820424398
1766952000,6.153750511365356,6.152829618712886,6.1233884370218234,6.127270769888007,8675.8506386984
1766955600,6.127270769888007,6.173179755745166,6.1000562461781245,6.150948415220358,14471.850960177777
1766959200,6.150948415220358,6.150591996053655,6.139356046474115,6.139378722616854,1844.8383073012628
1766962800,6.139378722616854,6.141681591079026,6.139367109113948,6.141410135780082,441.6064613858958
1766966400,6.141410135780082,6.1503352722617,6.141409652609704,6.150102568478058,2257.1855427197256
1766970000,6.150102568478058,6.150102568478058,6.140365627105585,6.148462190723997,7509.354795426815
1766973600,6.148462190723997,6.168954615279186,6.148462190723997,6.1534299705953535,5413.16146175116
1766977200,6.1534299705953535,6.164627314647919,6.1534299705953535,6.164344599842222,5233.482390811771
1766980800,6.164344599842222,6.2217990550993285,6.163254279229591,6.220722911273911,7518.938088200981
1766984400,6.220722911273911,6.23087403428813,6.219217205267459,6.222141014049556,4373.150833816604
1766988000,6.222141014049556,6.246841093237223,6.21762816117517,6.218715598329798,8015.076754890946
1766991600,6.218715598329798,6.218715598329798,6.171190940600481,6.177876119718049,12835.277938265277
1766995200,6.177876119718049,6.17787786597517,6.170964845048864,6.174341170947709,1955.4558411164878
1766998800,6.174341170947709,6.17458047352308,6.107362894660442,6.111173625360322,14661.184300892257
1767002400,6.111173625360322,6.113424093291692,6.10529056102873,6.1092710329951805,3169.7622242817924
1767006000,6.1092710329951805,6.109374442685407,6.1092710329951805,6.109374442685407,1610.6731066879377
1767009600,6.109374442685407,6.109374442685407,5.9477803346047065,6.0042255793297015,30157.246034517084
1767013200,6.0042255793297015,6.002164070169299,5.949385144019259,5.951872239304431,17693.871443016862
1767016800,5.951872239304431,5.962712120602608,5.88623302249956,5.938885223651,35676.82550772433
1767020400,5.938885223651,5.940784217434871,5.802976340331568,5.938350213200663,47165.45739574241
1767024000,5.938350213200663,5.938027110952075,5.895918002271768,5.896282034895332,9889.591222405757
1767027600,5.896282034895332,5.9140330242753505,5.791825935925857,5.815921058145949,76357.85788154544
1767031200,5.815921058145949,5.856473530477749,5.736710219700273,5.819101841690252,64042.98137023452
1767034800,5.819101841690252,5.8191638191564765,5.7555008595852435,5.761986742613664,61771.86366010445
1767038400,5.761986742613664,5.763294349521547,5.5745193263595025,5.640629968740667,60750.804348414895
1767042000,5.640629968740667,5.684481785902083,5.570987490890503,5.676580673063133,28946.710224721835
1767045600,5.676580673063133,5.676580673063133,5.674540031075429,5.674540031075429,2100.6173767712353
1767049200,5.674540031075429,5.680147817307286,5.674540031075429,5.680098577737295,1125.209734119652
1767052800,5.680098577737295,5.680098577737295,5.633837696121093,5.635414148827643,14945.597849809214
1767056400,5.635414148827643,5.635416764075548,5.56021748711426,5.5866192262305905,21463.752116861793
1767060000,5.5866192262305905,5.611822545567302,5.552248108353564,5.564926299722959,16294.57933864452
1767063600,5.564926299722959,5.623101719129645,5.543130375781596,5.622566650864354,15638.085738739022
1767067200,5.622566650864354,5.6401619866759365,5.61822200604736,5.63298012259949,6319.660592274509
1767070800,5.63298012259949,5.63298012259949,5.6261742364131875,5.6261742364131875,6028.697618589315
1767074400,5.6261742364131875,5.649559226609571,5.556854733347813,5.615385476526887,54872.59572858217
1767078000,5.615385476526887,5.647976061006081,5.616149170546162,5.647645646009997,5639.682756510762
1767081600,5.647645646009997,5.666234797150467,5.646127989138264,5.665581199515514,6097.743280350772
1767085200,5.665581199515514,5.674608311941342,5.663479751042423,5.674608311941342,6132.231488459393
1767088800,5.674608311941342,5.675959755834389,5.674335313688516,5.675959755834389,4605.389276294213
1767092400,5.675959755834389,5.75275941292283,5.675895891259439,5.725631224777686,18406.10884921841
1767096000,5.725631224777686,5.723072596790593,5.652110616379508,5.653341432002797,16465.759007192075
1767099600,5.653341432002797,5.653341432002797,5.5829867184362785,5.649344277911886,36309.573009218235
1767103200,5.649344277911886,5.717971358556754,5.643789593942391,5.706116901447551,17865.659461372037
1767106800,5.706116901447551,5.706116901447551,5.695425410480426,5.695425410480426,8661.7844345782
1767110400,5.695425410480426,5.699270515974616,5.695425410480426,5.697384784812505,3301.995640931195
1767114000,5.697384784812505,5.723575057093613,5.691144961131783,5.6925852847033855,7118.231766151978
1767117600,5.6925852847033855,5.694958650650117,5.675270557897147,5.675270557897147,3708.471185454548
1767121200,5.675270557897147,5.675324686802828,5.653468896953815,5.655579318282418,4373.127337027829
1767124800,5.655579318282418,5.663763533802195,5.645054991491757,5.645054991491757,4852.898288177032
1767128400,5.645054991491757,5.645077261994319,5.627609744083823,5.636020074238852,10718.572309173604
1767132000,5.636020074238852,5.714782177341167,5.636048763907897,5.6656225288815225,26852.491767707153
1767135600,5.6656225288815225,5.665099525986366,5.652722411303022,5.657910572348918,6824.087163885648
1767139200,5.657910572348918,5.671164869607513,5.621399946884623,5.62321053762943,7316.421548306754
1767142800,5.62321053762943,5.634060857109637,5.613916344703266,5.634060857109637,3949.31721407562
1767146400,5.634060857109637,5.651617760388557,5.634060857109637,5.649151017777542,5422.9318557881825
1767150000,5.649151017777542,5.669911038022374,5.649150722323251,5.669911038022374,3241.2156866567384
1767153600,5.669911038022374,5.6802051482035045,5.673097995049874,5.677493171624947,2052.005451569722
1767157200,5.677493171624947,5.677493171624947,5.651841590649821,5.651841590649821,4425.960996370647
1767160800,5.651841590649821,5.651841590649821,5.640707743330794,5.642457374741047,1777.816908582499
1767164400,5.642457374741047,5.670302233725419,5.642457374741047,5.655363973119412,8248.476214717852
1767168000,5.655363973119412,5.659210057812342,5.655363973119412,5.658939178855971,958.7611243269976
1767171600,5.658939178855971,5.678940950107435,5.658911882965591,5.678216443657911,15332.56730247772
1767175200,5.678216443657911,5.689748066100529,5.662105339476381,5.667702028403467,8341.262144882026
1767178800,5.667702028403467,5.717909086216232,5.673814906080491,5.711085821507015,16101.971689703862
1767182400,5.711085821507015,5.711085821507015,5.651109789525553,5.651109789525553,8832.588733900757
1767186000,5.651109789525553,5.6593663293841185,5.60277650072047,5.627205795081059,10562.55337677213
1767189600,5.627205795081059,5.64879048550099,5.627205795081059,5.64592821538209,5215.1467284999135
1767193200,5.64592821538209,5.645933290687706,5.59259351101111,5.644906399215588,15242.176591063046
1767196800,5.644906399215588,5.644906399215588,5.581068506496486,5.581068506496486,15452.310075591675
1767200400,5.581068506496486,5.577786983835925,5.485939248300623,5.489343210284059,19399.577113086147
1767204000,5.489343210284059,5.500375237466361,5.485448663119256,5.492116595896032,6447.625222565234
1767207600,5.492116595896032,5.530080891916975,5.492115452610045,5.5283403126873285,5860.39493476105
1767211200,5.5283403126873285,5.526508527380694,5.497367987993405,5.506636402992755,8329.935546483213
1767214800,5.506636402992755,5.518723352739241,5.505471824491196,5.517892939927592,3468.503238675954
1767218400,5.517892939927592,5.517892939927592,5.510429806416184,5.510429806416184,978.7230625333206
1767222000,5.510429806416184,5.510429806416184,5.510092876900584,5.510092876900584,359.9127986115796
1767225600,5.510092876900584,5.561439056432148,5.495556136809702,5.499480727823797,20215.3678234647
1767229200,5.499480727823797,5.499501952974088,5.428189598817293,5.428203246584815,12602.745392046354
1767232800,5.428203246584815,5.44245148171249,5.428203246584815,5.440632094342003,2586.2244388660724
1767236400,5.440632094342003,5.440632094342003,5.398512644642807,5.398512644642807,8703.804063093232
1767240000,5.398512644642807,5.407889628875878,5.398512644642807,5.407889628875878,2707.768710467819
1767243600,5.407889628875878,5.448551118646907,5.409669110090564,5.448551118646907,4018.4475495652077
1767247200,5.448551118646907,5.448551118646907,5.448550729057739,5.448550729057739,665.1256761661161
1767250800,5.448550729057739,5.494247560812456,5.448215496369775,5.493587070913768,9832.363189207505
1767254400,5.493587070913768,5.493299279995423,5.49118595252453,5.49118595252453,1006.9524482522381
1767258000,5.49118595252453,5.55006166328712,5.49118595252453,5.549595621058209,13352.654682936705
1767261600,5.549595621058209,5.5599853768231124,5.549413764337854,5.5599853768231124,2629.844517349977
1767265200,5.5599853768231124,5.562681782888807,5.539265564153074,5.540304677048664,6766.400553876282
1767268800,5.540304677048664,5.567108813462112,5.540304677048664,5.566843035256367,6752.367523200315
1767272400,5.566843035256367,5.60637893751934,5.566843035256367,5.606291429810095,13789.079189735012
1767276000,5.606291429810095,5.652752857582457,5.606917408565701,5.652551407463087,8750.78254465451
1767279600,5.652551407463087,5.688232716227001,5.608201760301364,5.68786601820729,22386.587878624523
1767283200,5.68786601820729,5.7568020661994455,5.68786601820729,5.754785541713332,29261.457577484533
1767286800,5.754785541713332,5.853898732454035,5.7546461624999,5.783823843214134,29705.408489238205
1767290400,5.783823843214134,5.807526526312122,5.783823843214134,5.802043906473774,4897.978107750574
1767294000,5.802043906473774,5.802663870103422,5.796180937408743,5.802598194850796,6892.175238009077
1767297600,5.802598194850796,5.819376867433847,5.802396930130199,5.818542846046291,4933.854699702086
1767301200,5.818542846046291,5.818542846046291,5.814565397386424,5.814835150086367,2660.665964060444
1767304800,5.814835150086367,5.815614503647703,5.792784668599826,5.806842521267784,5063.690399513116
1767308400,5.806842521267784,5.822935358435508,5.807753387621874,5.822935358435508,5504.891591919366
1767312000,5.822935358435508,5.823868445819096,5.82274695229813,5.822749847106926,3389.9075830840675
1767315600,5.822749847106926,5.828840486660413,5.822749847106926,5.828585166037444,3833.5424945834443
1767319200,5.828585166037444,5.834147681157963,5.828353275381605,5.834147681157963,666.4907389952214
1767322800,5.834147681157963,5.875908364317172,5.834147385298146,5.875112234104702,7335.621111233158
1767326400,5.875112234104702,5.875112234104702,5.868670473385557,5.86937464898405,1929.489125944606
1767330000,5.86937464898405,5.86937464898405,5.853118968957246,5.853118968957246,2321.8848949822527
1767333600,5.853118968957246,5.858282632535065,5.846579415216959,5.846579415216959,3998.663476430762
1767337200,5.846579415216959,5.846579415216959,5.82387745563439,5.82387745563439,4129.5430206288975
1767340800,5.82387745563439,5.825699063177785,5.823036092162022,5.825699063177785,1950.7773300633348
1767344400,5.825699063177785,5.8566286523437485,5.82371008397638,5.8566286523437485,7128.6485546477
1767348000,5.8566286523437485,5.877316716506269,5.856955024482494,5.8632704185410764,11545.786831004973
1767351600,5.8632704185410764,5.8632704185410764,5.8268491506600935,5.8278805050640266,7605.641824834372
1767355200,5.8278805050640266,5.836761918708316,5.799291171872247,5.836761918708316,10558.978980300535
1767358800,5.836761918708316,5.8372868445800306,5.815581003776077,5.815581003776077,4068.491173568336
1767362400,5.815581003776077,5.829216934627577,5.763071642841739,5.816332222461548,25087.540641248615
1767366000,5.816332222461548,5.816200349735986,5.798892568000718,5.814655808175608,6448.753638319095
1767369600,5.814655808175608,5.864872024315154,5.815014249487316,5.864872024315154,9722.457803758389
1767373200,5.864872024315154,5.918870328832081,5.864872024315154,5.917281200996742,13491.348087762297
1767376800,5.917281200996742,5.917281200996742,5.897101940404594,5.897101940404594,3130.3204162183724
1767380400,5.897101940404594,5.9124327986179335,5.897101940404594,5.9124327986179335,3353.4246947797137
1767384000,5.9124327986179335,5.919364110425007,5.9124327986179335,5.91798183108153,2304.7281744132038
1767387600,5.91798183108153,5.953382859634789,5.917703437873251,5.953379278661696,5969.277410942593
1767391200,5.953379278661696,5.970231234790258,5.953379278661696,5.970231046850687,8167.248975296254
1767394800,5.970231046850687,5.978232280859754,5.970210714352981,5.977961289094608,7711.983517537378
1767398400,5.977961289094608,5.981612825649441,5.9769944827725014,5.981398284392431,7422.319136076573
1767402000,5.981398284392431,6.05604824084013,5.981126681770881,6.054565999743125,12347.564715024713
1767405600,6.054565999743125,6.1167407137453145,6.054543995681444,6.116077518938501,14831.353740629489
1767409200,6.116077518938501,6.1485030926283075,6.115699911345985,6.147730335666466,7332.697907390441
1767412800,6.147730335666466,6.189682849329495,6.146352430169901,6.156405686958263,9938.735452266774
1767416400,6.156405686958263,6.173799612926767,6.103359266738198,6.103533021091366,10647.564180897863
1767420000,6.103533021091366,6.1887809177585575,6.103532555947825,6.127575297554941,17784.18075517652
1767423600,6.127575297554941,6.127575297554941,6.056557922917776,6.061503837259545,14179.571445958318
1767427200,6.061503837259545,6.0622074340726115,6.002303181869207,6.0437005847211065,13996.144428052536
1767430800,6.0437005847211065,6.068442993557904,6.0437005847211065,6.068289489068479,4377.670938296688
1767434400,6.068289489068479,6.071688250761905,6.068263171975676,6.071365525314752,11743.788118068489
1767438000,6.071365525314752,6.07385439062178,6.0694456569932544,6.07385439062178,2086.1214411161372
1767441600,6.07385439062178,6.095977712178142,6.072741679928218,6.095659061467479,5111.193134023794
1767445200,6.095659061467479,6.122458590178837,6.0953517035662905,6.121725033380518,8099.916015314455
1767448800,6.121725033380518,6.120402817564928,6.115733933826681,6.115733933826681,3656.4926433492246
1767452400,6.115733933826681,6.138277158022921,6.098660780737913,6.101605409922793,8671.645571216319
1767456000,6.101605409922793,6.150253954356802,6.098741757497285,6.150253954356802,6972.958438478381
1767459600,6.150253954356802,6.150253954356802,6.146952141097254,6.146952141097254,7986.25473315321
1767463200,6.146952141097254,6.156779965052543,6.14623157507585,6.156151816524044,15734.933882962936
1767466800,6.156151816524044,6.179074534666504,6.139766426595684,6.173038510530197,18600.41161053791
1767470400,6.173038510530197,6.173038510530197,6.157506285683771,6.1721870877198715,7406.350228741525
1767474000,6.1721870877198715,6.172715399261185,6.1679411994131055,6.1679411994131055,1700.0080490622
1767477600,6.1679411994131055,6.1679411994131055,6.163847372568903,6.163847372568903,1235.133701643702
1767481200,6.163847372568903,6.163847372568903,6.144994059014595,6.144994059014595,2153.1491937562173
1767484800,6.144994059014595,6.193164621023081,6.14508749633615,6.1923410675750725,7876.693236219586
1767488400,6.1923410675750725,6.1923410675750725,6.165395895874257,6.165395895874257,2755.750359551991
1767492000,6.165395895874257,6.169653528036909,6.165395895874257,6.169653528036909,790.982129111443
1767495600,6.169653528036909,6.194743190502924,6.169653202775346,6.194743190502924,2338.4775356006057
1767499200,6.194743190502924,6.213049621570195,6.194743190502924,6.211952704271491,3045.087266868479
1767502800,6.211952704271491,6.216230141859532,6.211755495487298,6.213804332108139,1647.8549047791832
1767506400,6.213804332108139,6.220934931579625,6.188652626033405,6.188652626033405,12157.3637987321
1767510000,6.188652626033405,6.188652626033405,6.178014410380786,6.186223558874788,4370.840581677584
1767513600,6.186223558874788,6.186224822652994,6.15016651606805,6.150553096010412,20452.003143300128
1767517200,6.150553096010412,6.192777509576021,6.150247691369525,6.191744198449872,11673.168572068109
1767520800,6.191744198449872,6.209788000231095,6.184470140196258,6.209552275333315,5168.1419191999485
1767524400,6.209552275333315,6.209552275333315,6.203053950716492,6.206001089164706,5456.614105558991
1767528000,6.206001089164706,6.217918406189258,6.205926296009669,6.209685357032317,3640.7286857975464
1767531600,6.209685357032317,6.209812400642458,6.190734402680702,6.193848752404939,5148.079390480424
1767535200,6.193848752404939,6.207692104893063,6.193848752404939,6.207168558075533,2036.3810959949212
1767538800,6.207168558075533,6.228693646184748,6.207168558075533,6.228693646184748,4272.882331737457
1767542400,6.228693646184748,6.276495678046906,6.22629097310098,6.276495678046906,9135.42418767714
1767546000,6.276495678046906,6.276495678046906,6.265426829304975,6.265426829304975,2074.221400478732
1767549600,6.265426829304975,6.3392492591616865,6.234792383222254,6.236742601833882,36297.45359065331
1767553200,6.236742601833882,6.237457691629527,6.136602217642419,6.17256350874248,18743.894967644028
1767556800,6.17256350874248,6.21069620873808,6.17256350874248,6.2060362386849475,14015.569698922674
1767560400,6.2060362386849475,6.208382192964159,6.160477852264358,6.16052805260284,6820.736548190753
1767564000,6.16052805260284,6.175255529638339,6.16052805260284,6.175249748634748,1827.024040392088
1767567600,6.175249748634748,6.189965376708841,6.175249748634748,6.189965376708841,4010.0556221775905
1767571200,6.189965376708841,6.195314805624637,6.189965376708841,6.195314805624637,1091.6755215855576
1767574800,6.195314805624637,6.283001438993791,6.195314805624637,6.282144715868639,11951.253865915609
1767578400,6.282144715868639,6.281773069639621,6.259036575618018,6.259036575618018,3184.9649935225116
1767582000,6.259036575618018,6.259036575618018,6.258758346556846,6.258758346556846,724.7845670259812
1767585600,6.258758346556846,6.258758346556846,6.197827121903168,6.198674358851485,8492.649300858975
1767589200,6.198674358851485,6.198674358851485,6.1932830423332055,6.1932830423332055,1475.2399791284897
1767592800,6.1932830423332055,6.1932830423332055,6.171100490892718,6.171369565004077,5244.295342254204
1767596400,6.171369565004077,6.189492169635455,6.171369565004077,6.188419722214724,3130.3749376552296
1767600000,6.188419722214724,6.19755165180112,6.173966302003155,6.178822440464389,5231.700448885458
1767603600,6.178822440464389,6.178822440464389,6.129401170808373,6.129401170808373,11566.525204564732
1767607200,6.129401170808373,6.131086843371825,6.114499467315442,6.114499467315442,3727.287815209851
1767610800,6.114499467315442,6.121084634016336,6.114499467315442,6.121084634016336,3577.3350802660934
1767614400,6.121084634016336,6.189418180121755,6.126570175940508,6.187014182049694,11495.210386057712
1767618000,6.187014182049694,6.188051642682795,6.166389710404936,6.166389710404936,4979.783938356238
1767621600,6.166389710404936,6.187974109842446,6.164746612991969,6.187974109842446,5094.32781796277
1767625200,6.187974109842446,6.236343692027024,6.183359324469103,6.236054940847219,10310.955480377163
1767628800,6.236054940847219,6.261467453122306,6.235707448842788,6.246889583010673,9311.934256256836
1767632400,6.246889583010673,6.275218083629266,6.229397847111961,6.275218083629266,7490.767092506918
1767636000,6.275218083629266,6.328445907511499,6.2687713405358885,6.328432173701044,14166.703047145527
1767639600,6.328432173701044,6.395462596750896,6.317407999305466,6.37141481278168,22807.50020411112
1767643200,6.37141481278168,6.430114968997955,6.37141481278168,6.416730226230144,16000.211855946496
1767646800,6.416730226230144,6.472381132392366,6.4178090982121,6.470451046089207,12039.282287865171
1767650400,6.470451046089207,6.504105058056638,6.446362730496467,6.503005426182794,17446.027130991723
1767654000,6.503005426182794,6.503005426182794,6.482770336773803,6.482770336773803,3222.474679847697
1767657600,6.482770336773803,6.483758384227583,6.469492461451029,6.469883804343914,2691.760514286
1767661200,6.469883804343914,6.560378345274034,6.469883804343914,6.544258883554041,14840.456311406291
1767664800,6.544258883554041,6.564990481411901,6.540713283711198,6.554154918334574,4786.502046413921
1767668400,6.554154918334574,6.674237507901423,6.553995509219865,6.671726193327231,21952.67876786822
1767672000,6.671726193327231,6.712565170543308,6.64754517972376,6.711478800428964,11562.5310911419
1767675600,6.711478800428964,6.746369580860372,6.693680441982907,6.693680441982907,18545.98012977045
1767679200,6.693680441982907,6.698624537577539,6.665854142680234,6.685652394736273,9502.503085980086
1767682800,6.685652394736273,6.685652394736273,6.5702647138682195,6.573997391065611,22061.608956143875
1767686400,6.573997391065611,6.582867228517578,6.564813069522718,6.5667380016063515,5442.91917861
1767690000,6.5667380016063515,6.566787432503404,6.514398770932756,6.516102189419165,11641.313522220415
1767693600,6.516102189419165,6.552795609647184,6.516102189419165,6.529036295648932,9198.18853630042
1767697200,6.529036295648932,6.577409641840944,6.529036295648932,6.5772686422884945,9324.703002543636
1767700800,6.5772686422884945,6.6637922537124785,6.577158950403952,6.655576912705212,15696.592004510085
1767704400,6.655576912705212,6.676629104885885,6.655576912705212,6.674842376708396,5665.5632213847
1767708000,6.674842376708396,6.795181092828945,6.674590574741859,6.690641227490119,38621.613686798184
1767711600,6.690641227490119,6.709965332705645,6.640787373072214,6.640787373072214,19222.78505305499
1767715200,6.640787373072214,6.642620585628528,6.491425191528968,6.4946635751424235,28812.290476687747
1767718800,6.4946635751424235,6.495237625806027,6.417502661141785,6.421887408992718,12555.406532550745
1767722400,6.421887408992718,6.422563009653343,6.403346517105738,6.421062004429899,11844.684344573094
1767726000,6.421062004429899,6.440166875459981,6.416898444957537,6.4242902438735365,6860.835836150476
1767729600,6.4242902438735365,6.4957860704660275,6.4242902438735365,6.4957860704660275,14586.624026101494
1767733200,6.4957860704660275,6.59363924544952,6.49578571506409,6.5910530011299855,18094.523606816256
1767736800,6.5910530011299855,6.612224547864218,6.591440083290161,6.598053455903518,6655.906613762014
1767740400,6.598053455903518,6.619321620446364,6.598053455903518,6.619321620446364,3125.581768306042
1767744000,6.619321620446364,6.619321620446364,6.563281052929485,6.563281052929485,9368.479962519226
1767747600,6.563281052929485,6.5589673093849905,6.510190549971301,6.520451789597906,7883.543950770286
1767751200,6.520451789597906,6.524530503782263,6.486136160204111,6.524530503782263,7159.649021104425
1767754800,6.524530503782263,6.545988231335518,6.533861208333934,6.544955892485833,2698.701842203201
1767758400,6.544955892485833,6.545103839552782,6.525915072883095,6.525915072883095,2099.0258104135933
1767762000,6.525915072883095,6.530911065856907,6.508856650809487,6.508856650809487,3890.0092277214108
1767765600,6.508856650809487,6.508856650809487,6.500056729184172,6.501104741695838,3204.128364983321
1767769200,6.501104741695838,6.575640707886884,6.503470939133249,6.57480983656586,11806.819724819696
1767772800,6.57480983656586,6.624618649431719,6.574412076346072,6.60776958096779,12656.03680108833
1767776400,6.60776958096779,6.60776958096779,6.496437663493044,6.496695449117649,19328.140873312277
1767780000,6.496695449117649,6.515905478870082,6.49520677998958,6.515374272631106,11095.070595894222
1767783600,6.515374272631106,6.519825146163439,6.515061579246359,6.517740823717458,4092.2581500278225
1767787200,6.517740823717458,6.52021667595498,6.4979845862133585,6.4992359271876055,4695.171198603401
1767790800,6.4992359271876055,6.5015991261736845,6.4611877965998294,6.4611877965998294,10356.65330819534
1767794400,6.4611877965998294,6.457565403415447,6.362238516094095,6.386512150629795,20736.812456369295
1767798000,6.386512150629795,6.38729721381968,6.332657351895618,6.342559436246278,14590.186581707228
1767801600,6.342559436246278,6.360040233119398,6.340336393684809,6.347463617794491,7618.107227922333
1767805200,6.347463617794491,6.365933464447204,6.343272858361909,6.347010679658446,18506.932577688043
1767808800,6.347010679658446,6.418023718770978,6.34727354843536,6.384910965104701,13009.002975318735
1767812400,6.384910965104701,6.3929247179938535,6.326446545589696,6.362239460319649,19688.74291104597
1767816000,6.362239460319649,6.362239460319649,6.304590771188307,6.332855384560975,27133.72987502307
1767819600,6.332855384560975,6.33542049940767,6.284331236235953,6.288140660867487,15193.957962702298
1767823200,6.288140660867487,6.295132795571963,6.288140702833368,6.295132795571963,1349.0015340737154
1767826800,6.295132795571963,6.295132795571963,6.280042162901213,6.289852073990471,4029.3587447567593
1767830400,6.289852073990471,6.307096169569951,6.2898515775874255,6.307096169569951,2402.175498041498
1767834000,6.307096169569951,6.307096169569951,6.307096169569951,6.307096169569951,263.46767978629896
1767837600,6.307096169569951,6.307096169569951,6.284328463133757,6.29945029629482,3477.3692431330005
1767841200,6.29945029629482,6.299047479202251,6.274607825419858,6.274649409989527,3249.2646551853127
1767844800,6.274649409989527,6.2777359230500585,6.242566501140144,6.247158208880324,6183.944962569457
1767848400,6.247158208880324,6.26499600746159,6.247158208880324,6.26499600746159,3978.848494148045
1767852000,6.26499600746159,6.26499600746159,6.201470396602389,6.201525647291831,10295.043607002572
1767855600,6.201525647291831,6.187692969929411,6.118482101573027,6.161797911899895,17858.989355075588
1767859200,6.161797911899895,6.1837872100419835,6.144799457319346,6.144817738013605,12017.56859961793
1767862800,6.144817738013605,6.144817738013605,6.087736966490913,6.089172099162639,12342.244172709914
1767866400,6.089172099162639,6.09717958410493,6.049367173966843,6.09717958410493,14474.172768798699
1767870000,6.09717958410493,6.098536389210644,6.018441889546994,6.025176551583196,11440.85642805364
1767873600,6.025176551583196,6.027294375182415,6.003803646395032,6.004899721526673,6872.534460562098
1767877200,6.004899721526673,6.031136439401126,5.990359307040237,5.990868450229805,11635.021303296546
1767880800,5.990868450229805,5.98969575691236,5.9146115929768595,5.946145700460596,25225.019625666228
1767884400,5.946145700460596,6.027829059433334,5.946145406197048,6.0271398986934726,16345.766216056083
1767888000,6.0271398986934726,6.035265306849081,6.003415019321929,6.030041632114437,12213.478496885738
1767891600,6.030041632114437,6.030217734384336,5.985936518962376,5.985936518962376,8893.414009534294
1767895200,5.985936518962376,5.986107904550884,5.969162966423324,5.9692206010156745,5568.60552910568
1767898800,5.9692206010156745,5.9692206010156745,5.920873616217949,5.934347324193674,12303.204721068902
1767902400,5.934347324193674,5.939336960866819,5.916744736787838,5.939336960866819,6747.82964045704
1767906000,5.939336960866819,5.958978578043155,5.929169222170469,5.958978578043155,5419.387045376648
1767909600,5.958978578043155,5.976251585347798,5.958978578043155,5.963109202193663,3969.7220659223626
1767913200,5.963109202193663,5.963109202193663,5.958146458215658,5.958146458215658,3179.616687712476
1767916800,5.958146458215658,5.95814101423683,5.957785924851607,5.958140995495409,1071.3771393085844
1767920400,5.958140995495409,5.975263725642004,5.933411922352992,5.933411922352992,9381.550352890326
1767924000,5.933411922352992,5.9411230954766125,5.932041268567368,5.9411230954766125,1597.3202424039464
1767927600,5.9411230954766125,5.95365745684377,5.941122797399145,5.953653310093845,1975.2890193760982
1767931200,5.953653310093845,5.956418384809757,5.953653310093845,5.954441094300362,1937.1895789981897
1767934800,5.954441094300362,5.970291004474124,5.954441094300362,5.970291004474124,2239.3803407642936
1767938400,5.970291004474124,5.98247398225828,5.970291004474124,5.98247398225828,2821.0263102231806
1767942000,5.98247398225828,5.98247398225828,5.970202134840026,5.970202134840026,2497.9547337068307
1767945600,5.970202134840026,5.9691652981662955,5.899423923021513,5.899661114509677,19785.16325149274
1767949200,5.899661114509677,5.95799430099767,5.899724109436666,5.946074763132445,9990.911120098033
1767952800,5.946074763132445,5.9488618600306955,5.935495222655554,5.935616134664413,4831.990284198522
1767956400,5.935616134664413,5.938646805564704,5.934402799843642,5.93807492041851,5812.9086465000455
1767960000,5.93807492041851,5.938414789463459,5.931472709119672,5.931904619694702,9243.986864675288
1767963600,5.931904619694702,5.960002898860231,5.929674731080871,5.960002898860231,8232.36200854794
1767967200,5.960002898860231,5.97139326975559,5.938568875423631,5.939146738025689,8837.311005256914
1767970800,5.939146738025689,6.070843042081802,5.93922360854119,6.025043308027973,30984.870000471597
1767974400,6.025043308027973,6.460509798748432,6.027154251854284,6.414311068060533,92024.36699918509
1767978000,6.414311068060533,6.426057483669254,6.319497732903231,6.407507030665833,36055.14645405297
1767981600,6.407507030665833,6.4095576407631665,6.290317391488271,6.303099370534037,21474.72856476927
1767985200,6.303099370534037,6.303099370534037,6.114848822624856,6.281076981329551,49331.72891857879
1767988800,6.281076981329551,6.295397948200627,6.2757546918592775,6.295248152509617,4141.323975252363
1767992400,6.295248152509617,6.300450463986553,6.273992370003319,6.300313457744913,8360.442368289958
1767996000,6.300313457744913,6.314219104002635,6.299598271960856,6.314106253283052,5597.706398379003
1767999600,6.314106253283052,6.314106253283052,6.264984154927689,6.264984154927689,6235.2111572119975
1768003200,6.264984154927689,6.591304267001381,6.269139604265621,6.529097499501766,146040.65916910535
1768006800,6.529097499501766,6.522497657270722,6.4729095662691885,6.473995619278078,21415.606250222263
1768010400,6.473995619278078,6.521971381843155,6.467947589723698,6.480011255454502,23589.058029903535
1768014000,6.480011255454502,6.496283465602209,6.471865233751794,6.496283465602209,5530.299596553765
1768017600,6.496283465602209,6.520474710234089,6.490627137492692,6.4977040057434206,7103.264109919962
1768021200,6.4977040057434206,6.5577973300247665,6.4977040057434206,6.544313948353249,11092.857826481082
1768024800,6.544313948353249,6.556661608490055,6.485815175770915,6.556064658198222,12957.867183300392
1768028400,6.556064658198222,6.571222738961496,6.497360354240416,6.497360354240416,14147.472497359806
1768032000,6.497360354240416,6.497360354240416,6.372462119910334,6.418429841545055,38822.25919903749
1768035600,6.418429841545055,6.4187169303078715,6.411013768487775,6.417396649284537,3997.67757799855
1768039200,6.417396649284537,6.417874527994401,6.415950023138771,6.417234099265792,2898.57687521536
1768042800,6.417234099265792,6.4396202794522095,6.417234099265792,6.4396202794522095,6862.561395131099
1768046400,6.4396202794522095,6.443345890723338,6.413224356586017,6.443345890723338,7263.316895639438
1768050000,6.443345890723338,6.480014105979366,6.444123740068084,6.475546144923379,6326.165754366489
1768053600,6.475546144923379,6.482205781415083,6.456603124399671,6.482094725357125,5970.276306148949
1768057200,6.482094725357125,6.511867544320791,6.481904600253416,6.511719737118053,4474.657277798708
1768060800,6.511719737118053,6.511719737118053,6.489095565071152,6.493930665743199,7946.6488817115105
1768064400,6.493930665743199,6.514744566658238,6.477474683302108,6.477474683302108,7980.201980737882
1768068000,6.477474683302108,6.487340449240223,6.474848960542466,6.486632115822759,6312.966066087822
1768071600,6.486632115822759,6.486632115822759,6.479131382052692,6.479302893942302,2506.925509388584
1768075200,6.479302893942302,6.4793017371062716,6.436437404132771,6.445278918406051,6997.799241739041
1768078800,6.445278918406051,6.4538788190071665,6.445278887471744,6.453372661185147,2658.2532330510435
1768082400,6.453372661185147,6.453372661185147,6.414220947512121,6.414220947512121,9755.766834443359
1768086000,6.414220947512121,6.4271190921014725,6.403859294322715,6.4271190921014725,5377.383651050786
1768089600,6.4271190921014725,6.487354165240247,6.35426473189366,6.357024882589767,40558.30616527941
1768093200,6.357024882589767,6.358220268024436,6.264819653185588,6.267030705618612,15587.247819896002
1768096800,6.267030705618612,6.277826190122643,6.267030705618612,6.277826190122643,1284.7510666433022
1768100400,6.277826190122643,6.291310716366687,6.277825870017581,6.291310716366687,2008.6601206923096
1768104000,6.291310716366687,6.299221035491756,6.289877685043949,6.299221035491756,2344.768305266153
1768107600,6.299221035491756,6.320344298898008,6.301476976854915,6.319863128908582,2485.699395219415
1768111200,6.319863128908582,6.319863128908582,6.297326847304028,6.297662734576445,3024.3114881157317
1768114800,6.297662734576445,6.326344147556751,6.299209459273297,6.326344147556751,4157.341317609818
1768118400,6.326344147556751,6.326344147556751,6.318139078594557,6.320405175376808,1828.8557290739268
1768122000,6.320405175376808,6.32948143656808,6.320404851729671,6.323263655859578,3617.1644657143306
1768125600,6.323263655859578,6.323263655859578,6.322841136396007,6.323037790283798,1083.816207752151
1768129200,6.323037790283798,6.330917712673651,6.323037402229774,6.330751475916227,6311.122743011959
1768132800,6.330751475916227,6.358119742070129,6.330751475916227,6.345104486929501,8626.630627257005
1768136400,6.345104486929501,6.348780690681469,6.343541978410302,6.343541978410302,4173.149104222239
1768140000,6.343541978410302,6.349127572573915,6.341867122189858,6.349127572573915,3187.5921437466736
1768143600,6.349127572573915,6.349488392307083,6.299437744896255,6.299437744896255,18877.476525986
1768147200,6.299437744896255,6.333378129301317,6.299437744896255,6.333378129301317,6024.55621905995
1768150800,6.333378129301317,6.362012682063935,6.333229487601675,6.3619947196345334,4498.478903695726
1768154400,6.3619947196345334,6.3619947196345334,6.3606796743835705,6.3606796743835705,2087.3422523919544
1768158000,6.3606796743835705,6.364086197562936,6.332175739453282,6.3327007544510545,5980.934860602538
1768161600,6.3327007544510545,6.330434906529519,6.295977053421369,6.3113626295149805,9980.788768921455
1768165200,6.3113626295149805,6.3113626295149805,6.2455946420482995,6.250119886933486,15852.328212673207
1768168800,6.250119886933486,6.250533374345045,6.215104178874864,6.223579996057621,6954.028525219505
1768172400,6.223579996057621,6.235024756534971,6.212941806159359,6.224028379882501,7421.1832004945445
1768176000,6.224028379882501,6.224028379882501,6.145313576964955,6.149105957654343,13962.647465854194
1768179600,6.149105957654343,6.183548875524196,6.149105957654343,6.183548875524196,4240.661555008981
1768183200,6.183548875524196,6.245353044580235,6.183548875524196,6.245353044580235,7448.8704741426345
1768186800,6.245353044580235,6.250870776190779,6.227377541608146,6.227377541608146,2912.1058206274306
1768190400,6.227377541608146,6.220017223370852,6.181509661790382,6.2059498751047375,17407.23290475211
1768194000,6.2059498751047375,6.234117427412463,6.2059498751047375,6.212800211811902,15437.31017377051
1768197600,6.212800211811902,6.2149345188815,6.19560074250856,6.195837867843691,8692.02655356122
1768201200,6.195837867843691,6.195887024426155,6.145491252587257,6.147559906950455,7731.9877481176445
1768204800,6.147559906950455,6.156205868953541,6.133340216365699,6.140041455796628,8281.15593927584
1768208400,6.140041455796628,6.141803519943338,6.081198141395244,6.103391742375754,24308.819812637244
1768212000,6.103391742375754,6.145931369600235,6.073566694026438,6.073647226863585,21465.25681319839
1768215600,6.073647226863585,6.086472066478828,6.075411762732953,6.086472066478828,3601.2539773437793
1768219200,6.086472066478828,6.0870945436901795,6.061478862051813,6.063813201871469,7286.789732031857
1768222800,6.063813201871469,6.0649805400823,6.001775963937243,6.018191244166615,14973.066684642505
1768226400,6.018191244166615,6.024918842217509,6.001092995577157,6.024918842217509,6599.665802926645
1768230000,6.024918842217509,6.072256664336733,6.024918393640378,6.071808993656514,8088.88840653525
1768233600,6.071808993656514,6.096958222706663,6.056897570209354,6.090378940808582,10897.367221356782
1768237200,6.090378940808582,6.090963858110735,6.040253900888438,6.04074149544853,7179.782039728523
1768240800,6.04074149544853,6.057329609365264,6.04074149544853,6.054531229147191,3401.2432811450813
1768244400,6.054531229147191,6.054531229147191,6.051213619265145,6.051213619265145,2689.9181840842025
1768248000,6.051213619265145,6.050680507296606,6.013200031911905,6.013200031911905,15663.279040868121
1768251600,6.013200031911905,6.0150446359369045,6.0063527545519735,6.0063527545519735,6151.977192472087
1768255200,6.0063527545519735,6.0093415958575775,6.0063527545519735,6.009014957981953,935.778299411467
1768258800,6.009014957981953,6.010674153886838,5.983384989171015,5.983384989171015,5012.867031203588
1768262400,5.983384989171015,5.988761339676909,5.974891644841036,5.977059177553405,4388.839563592766
1768266000,5.977059177553405,5.979143942170897,5.977059177553405,5.977065430225503,615.2521692955975
1768269600,5.977065430225503,6.041920350824468,5.977065430225503,6.041920350824468,8862.634201626017
1768273200,6.041920350824468,6.122266269714409,6.041919899490093,6.10131900236937,14269.0426313776
1768276800,6.10131900236937,6.10131900236937,6.072561084318056,6.072561084318056,5084.546637761331
1768280400,6.072561084318056,6.1216222676693945,6.072561084318056,6.119858358861803,6497.6266649168065
1768284000,6.119858358861803,6.119854798859599,6.076407861148077,6.077614270869714,6007.778684751955
1768287600,6.077614270869714,6.0784764881182625,6.0642135437785,6.0642135437785,4073.572289636461
1768291200,6.0642135437785,6.097585070248094,6.0642135437785,6.097585070248094,6092.895716091498
1768294800,6.097585070248094,6.1295773132856946,6.10824037610899,6.1295773132856946,5966.547647653611
1768298400,6.1295773132856946,6.14056560441274,6.126399738062012,6.140558623586504,6159.79533480301
1768302000,6.140558623586504,6.138395461769919,6.125945813792047,6.134151556454349,4879.102853582911
1768305600,6.134151556454349,6.135208052429003,6.133225657559888,6.133225657559888,3391.1150015145754
1768309200,6.133225657559888,6.148615238838003,6.1159962193141615,6.142655434123069,7554.161291045917
1768312800,6.142655434123069,6.185152738360846,6.14042975225995,6.169739448803076,14632.646286926372
1768316400,6.169739448803076,6.20689767183088,6.154258925413923,6.19470728628498,13392.7786982178
1768320000,6.19470728628498,6.239523822920405,6.19470728628498,6.239523822920405,11831.570436758971
1768323600,6.239523822920405,6.239694075198933,6.182039057157768,6.183082196140424,8232.048605131029
1768327200,6.183082196140424,6.185452115953744,6.182353222326682,6.184050864909953,3056.5528603291446